{"_wandb":{"runtime":1},"_timestamp":1.7372320860429668e+09,"_runtime":0.9018936,"_step":0,"accuracy":0.9138235294117647}