{"_timestamp":1.737233264539938e+09,"_runtime":1.771531,"_step":3,"Matriz de Confusão":{"sha256":"c7bf35dd0ea55a6368ab62ab8ed409d2ea539d8441c04ec93fc80d5c384da03b","size":27872,"path":"media/images/Matriz de Confusão_1_c7bf35dd0ea55a6368ab.png","format":"png","width":800,"height":600,"_type":"image-file"},"Relatório de Classificação":{"weighted avg":{"precision":0.9138251711590218,"recall":0.9138235294117647,"f1-score":0.9138223738353417,"support":3400},"0":{"precision":0.9143876337693222,"recall":0.9116775340841731,"f1-score":0.9130305728702879,"support":1687},"1":{"f1-score":0.9146021568055961,"support":1713,"precision":0.9132712456344587,"recall":0.9159369527145359},"accuracy":0.9138235294117647,"macro avg":{"f1-score":0.913816364837942,"support":3400,"precision":0.9138294397018905,"recall":0.9138072433993545}},"Gráfico de Acurácia":{"size":19694,"path":"media/images/Gráfico de Acurácia_3_cf6a61ec3d8418d04de9.png","format":"png","width":800,"height":550,"_type":"image-file","sha256":"cf6a61ec3d8418d04de9b1cc999d075222b9e7317394a15d36de131471aa7359"},"_wandb":{"runtime":1},"Acurácia":0.9138235294117647}