{"accuracy":0.9138235294117647,"_timestamp":1.7372318478428893e+09,"_runtime":1.0722357,"_step":0,"_wandb":{"runtime":1}}