{"accuracy":0.9138235294117647,"_timestamp":1.737232176889074e+09,"_runtime":0.8706846,"_wandb":{"runtime":0},"_step":0}