{"_runtime":0.7882169,"_step":0,"accuracy":0.9138235294117647,"_wandb":{"runtime":44},"_timestamp":1.737232129501898e+09}