{"_step":0,"_wandb":{"runtime":1},"acuracia":0.9138235294117647,"_timestamp":1.7372322445099978e+09,"_runtime":0.8580588}