{"_timestamp":1.7372322548234303e+09,"_wandb":{"runtime":2081},"_runtime":0.8242536,"_step":0,"acuracia":0.9138235294117647}