{"Matriz de Confusão":{"_type":"plotly-file","sha256":"6ed65b871ff408282efad9810b2e6ea5891f19cb8ba5919897aebc6d73567cee","size":10092,"path":"media/plotly/Matriz de Confusão_1_6ed65b871ff408282efa.plotly.json"},"Relatório de Classificação":{"macro avg":{"f1-score":0.913816364837942,"support":3400,"precision":0.9138294397018905,"recall":0.9138072433993545},"weighted avg":{"f1-score":0.9138223738353417,"support":3400,"precision":0.9138251711590218,"recall":0.9138235294117647},"0":{"precision":0.9143876337693222,"recall":0.9116775340841731,"f1-score":0.9130305728702879,"support":1687},"1":{"f1-score":0.9146021568055961,"support":1713,"precision":0.9132712456344587,"recall":0.9159369527145359},"accuracy":0.9138235294117647},"_wandb":{"runtime":3},"_step":2,"Acurácia":0.9138235294117647,"_timestamp":1.7372331038295348e+09,"_runtime":1.4130542}