{"accuracy":0.9138235294117647,"_timestamp":1.7372316439255202e+09,"_runtime":0.8128941,"_step":0,"_wandb":{"runtime":0}}