{"_runtime":0.8400219,"_step":0,"_wandb":{"runtime":0},"accuracy":0.9138235294117647,"_timestamp":1.7372318800310156e+09}